Account Code,Account Name,Account Type,Category
215476,TFSA,TFSA,Investment
245379,RRSP,RRSP,Investment
275282,RESP,RESP,Investment
305185,Car Loan,Car Loan,Loan
335088,Personal Loan,Personal Loan,Loan
364991,No Fee,High Interest,Credit card
394894,Fee,Low Interest,Credit card
454700,Basic,Chequing,Bank Account
484603,Advanced,Chequing,Bank Account
525358,Extra Savings,Savings,Bank Account
544409,Non-Redemable,GIC,Investment
574312,Redemable,GIC,Investment
604215,Market-linked,GIC,Investment
