Client ID,Name,DOB,Address,Contact number,Email ID,Employer,Employer address,Multicultural,Gender,Income
1005,Client name 74,10-Aug-71,196 abc road,4039887437,Client name 10@gmail.com,TD,964 bay,No,F,72306
1009,Client name 459,31-Jul-81,581 abc road,4034509017,Client name 10@gmail.com,Jacobs,1349 bay,Yes,F,72453
1016,Client name 358,23-Jan-73,480 abc road,4036087007,Client name 10@gmail.com,CNRL,1248 bay,No,M,94933
1019,Client name 203,07-Apr-70,325 abc road,4039452959,Client name 10@gmail.com,diversified,1093 bay,Yes,M,110704
1021,Client name 1,1-Mar-89,123 abc road,4039802151,Client name 1@gmail.com,Suncor,891 bay,Yes,M,67620
1027,Client name 106,14-Jan-94,228 abc road,4038388847,Client name 10@gmail.com,CNRL,996 bay,No,F,135816
1032,Client name 57,10-Jun-93,179 abc road,4036664449,Client name 10@gmail.com,Suncor,947 bay,No,F,123068
1078,Client name 55,16-Sep-98,177 abc road,4034565879,Client name 10@gmail.com,Scotiabank,945 bay,No,F,146766
1100,Client name 22,08-Dec-81,144 abc road,4036804131,Client name 10@gmail.com,syncrude,912 bay,Yes,M,133518
1113,Client name 283,07-Nov-94,405 abc road,4039335628,Client name 10@gmail.com,diversified,1173 bay,Yes,F,65795
1147,Client name 346,12-Jul-00,468 abc road,4036446944,Client name 10@gmail.com,CNRL,1236 bay,Yes,M,79686
1154,Client name 277,11-Mar-98,399 abc road,4037365233,Client name 10@gmail.com,Suncor,1167 bay,Yes,F,94402
1163,Client name 40,27-Sep-77,162 abc road,4038067869,Client name 10@gmail.com,BMO,930 bay,Yes,F,102550
1242,Client name 218,28-Nov-69,340 abc road,4035811246,Client name 10@gmail.com,CNRL,1108 bay,Yes,M,76959
1244,Client name 390,16-Jun-00,512 abc road,4033828588,Client name 10@gmail.com,BMO,1280 bay,No,M,101193
1245,Client name 101,21-Apr-92,223 abc road,4032503565,Client name 10@gmail.com,Suncor,991 bay,Yes,M,133617
1247,Client name 462,01-Dec-72,584 abc road,4035563733,Client name 10@gmail.com,syncrude,1352 bay,No,M,80914
1265,Client name 6,08-Jul-60,128 abc road,4036534668,Client name 6@gmail.com,CNRL,896 bay,No,F,100003
1271,Client name 164,19-Aug-72,286 abc road,4036497804,Client name 10@gmail.com,TD,1054 bay,No,F,96435
1288,Client name 280,04-Jul-89,402 abc road,4032800607,Client name 10@gmail.com,BMO,1170 bay,Yes,M,139871
1327,Client name 357,17-Sep-95,479 abc road,4039301147,Client name 10@gmail.com,Suncor,1247 bay,No,M,92967
1332,Client name 289,13-Jul-69,411 abc road,4032841116,Client name 10@gmail.com,Jacobs,1179 bay,No,F,146652
1359,Client name 242,17-Jul-90,364 abc road,4038088140,Client name 10@gmail.com,syncrude,1132 bay,Yes,M,84298
1372,Client name 144,28-Mar-91,266 abc road,4033476636,Client name 10@gmail.com,TD,1034 bay,No,F,134233
1377,Client name 26,19-Aug-92,148 abc road,4038423557,Client name 10@gmail.com,CNRL,916 bay,No,F,140902
1378,Client name 142,18-Feb-76,264 abc road,4036006968,Client name 10@gmail.com,syncrude,1032 bay,Yes,M,66346
1432,Client name 72,23-Aug-76,194 abc road,4036961337,Client name 10@gmail.com,syncrude,962 bay,No,M,103420
1437,Client name 130,19-Aug-74,252 abc road,4037016321,Client name 10@gmail.com,BMO,1020 bay,No,F,136907
1443,Client name 273,12-Jan-80,395 abc road,4036679875,Client name 10@gmail.com,diversified,1163 bay,Yes,F,100083
1458,Client name 384,17-Dec-97,506 abc road,4032478887,Client name 10@gmail.com,TD,1274 bay,No,F,138085
1466,Client name 323,15-Mar-01,445 abc road,4039359516,Client name 10@gmail.com,diversified,1213 bay,Yes,M,145356
1513,Client name 110,27-Aug-89,232 abc road,4033692367,Client name 10@gmail.com,BMO,1000 bay,No,F,139113
1572,Client name 41,13-Feb-94,163 abc road,4032787680,Client name 10@gmail.com,Suncor,931 bay,No,F,107395
1574,Client name 474,11-Nov-68,596 abc road,4038413863,Client name 10@gmail.com,TD,1364 bay,Yes,M,118865
1576,Client name 366,05-Aug-97,488 abc road,4034239610,Client name 10@gmail.com,CNRL,1256 bay,Yes,F,140059
1592,Client name 272,30-May-01,394 abc road,4036049252,Client name 10@gmail.com,syncrude,1162 bay,No,M,85187
1608,Client name 290,06-Jul-84,412 abc road,4036201211,Client name 10@gmail.com,BMO,1180 bay,Yes,F,81210
1612,Client name 15,18-Apr-96,137 abc road,4036968535,Client name 10@gmail.com,Scotiabank,905 bay,No,M,126790
1616,Client name 262,18-Dec-85,384 abc road,4037848737,Client name 10@gmail.com,syncrude,1152 bay,Yes,M,70699
1624,Client name 264,18-Nov-91,386 abc road,4038677915,Client name 10@gmail.com,TD,1154 bay,Yes,M,102765
1635,Client name 61,14-Feb-99,183 abc road,4033790483,Client name 10@gmail.com,Suncor,951 bay,No,F,115682
1640,Client name 288,08-Nov-75,410 abc road,4032555773,Client name 10@gmail.com,CNRL,1178 bay,No,M,84180
1651,Client name 141,31-Dec-99,263 abc road,4033486404,Client name 10@gmail.com,Suncor,1031 bay,No,F,140816
1659,Client name 119,20-May-94,241 abc road,4039852829,Client name 10@gmail.com,Jacobs,1009 bay,No,F,72248
1709,Client name 247,03-Apr-96,369 abc road,4034771369,Client name 10@gmail.com,Suncor,1137 bay,Yes,F,93221
1728,Client name 127,18-Dec-97,249 abc road,4036830177,Client name 10@gmail.com,Suncor,1017 bay,No,M,74362
1774,Client name 46,27-Nov-90,168 abc road,4037112290,Client name 10@gmail.com,CNRL,936 bay,Yes,F,67146
1797,Client name 25,13-Nov-70,147 abc road,4037894418,Client name 10@gmail.com,Scotiabank,915 bay,Yes,M,101664
1808,Client name 47,06-Jul-86,169 abc road,4033679947,Client name 10@gmail.com,Suncor,937 bay,Yes,M,76533
1810,Client name 362,03-Oct-74,484 abc road,4035641307,Client name 10@gmail.com,syncrude,1252 bay,No,F,86480
1847,Client name 413,01-Jan-85,535 abc road,4035986923,Client name 10@gmail.com,diversified,1303 bay,No,M,141972
1853,Client name 189,04-Apr-00,311 abc road,4033563903,Client name 10@gmail.com,Jacobs,1079 bay,Yes,F,127730
1860,Client name 217,17-Mar-91,339 abc road,4036242737,Client name 10@gmail.com,Suncor,1107 bay,No,M,106000
1861,Client name 35,04-May-87,157 abc road,4034259213,Client name 10@gmail.com,Scotiabank,925 bay,Yes,F,82935
1862,Client name 169,07-Oct-87,291 abc road,4035250201,Client name 10@gmail.com,Jacobs,1059 bay,No,F,139308
1867,Client name 12,04-May-89,134 abc road,4032878506,Client name 10@gmail.com,syncrude,902 bay,Yes,M,133222
1874,Client name 371,10-Mar-99,493 abc road,4033394405,Client name 10@gmail.com,Suncor,1261 bay,Yes,F,116140
1907,Client name 36,03-Dec-91,158 abc road,4036982108,Client name 10@gmail.com,CNRL,926 bay,Yes,F,75558
1921,Client name 499,10-Jul-82,621 abc road,4038261392,Client name 10@gmail.com,Jacobs,1389 bay,Yes,F,75281
1926,Client name 368,02-Dec-95,490 abc road,4038329474,Client name 10@gmail.com,CNRL,1258 bay,Yes,M,73879
1957,Client name 177,13-Oct-73,299 abc road,4039099752,Client name 10@gmail.com,Suncor,1067 bay,Yes,F,85589
1987,Client name 231,21-Jan-83,353 abc road,4039713124,Client name 10@gmail.com,Suncor,1121 bay,Yes,F,133848
2004,Client name 227,19-Nov-70,349 abc road,4035409038,Client name 10@gmail.com,Suncor,1117 bay,No,M,149162
2016,Client name 84,30-Oct-89,206 abc road,4037143859,Client name 10@gmail.com,TD,974 bay,No,M,120977
2067,Client name 131,24-Nov-86,253 abc road,4033988303,Client name 10@gmail.com,Suncor,1021 bay,Yes,M,120190
2112,Client name 353,14-Feb-81,475 abc road,4036641069,Client name 10@gmail.com,diversified,1243 bay,No,M,117582
2128,Client name 245,14-Jun-74,367 abc road,4037297621,Client name 10@gmail.com,Scotiabank,1135 bay,No,M,115185
2157,Client name 223,25-Aug-84,345 abc road,4032960138,Client name 10@gmail.com,diversified,1113 bay,Yes,M,90525
2165,Client name 134,29-Jul-94,256 abc road,4034640693,Client name 10@gmail.com,TD,1024 bay,No,M,111366
2202,Client name 18,22-Aug-99,140 abc road,4038778318,Client name 10@gmail.com,CNRL,908 bay,Yes,F,148376
2263,Client name 440,06-May-74,562 abc road,4032901283,Client name 10@gmail.com,BMO,1330 bay,No,M,104609
2296,Client name 67,13-Oct-79,189 abc road,4036572516,Client name 10@gmail.com,Suncor,957 bay,No,M,144538
2329,Client name 116,07-May-71,238 abc road,4038498195,Client name 10@gmail.com,CNRL,1006 bay,Yes,F,119869
2342,Client name 340,17-Jul-79,462 abc road,4037496845,Client name 10@gmail.com,BMO,1230 bay,No,M,79686
2367,Client name 404,15-Oct-95,526 abc road,4035796465,Client name 10@gmail.com,TD,1294 bay,Yes,F,119923
2387,Client name 381,10-Mar-67,503 abc road,4037902780,Client name 10@gmail.com,Suncor,1271 bay,No,M,86785
2391,Client name 246,03-Jan-79,368 abc road,4038977074,Client name 10@gmail.com,CNRL,1136 bay,Yes,F,66154
2393,Client name 493,20-Nov-81,615 abc road,4033334044,Client name 10@gmail.com,diversified,1383 bay,Yes,M,138947
2416,Client name 335,03-Nov-67,457 abc road,4033729562,Client name 10@gmail.com,Scotiabank,1225 bay,Yes,M,118914
2450,Client name 157,07-May-92,279 abc road,4039259524,Client name 10@gmail.com,Suncor,1047 bay,Yes,M,119313
2457,Client name 14,22-Apr-99,136 abc road,4033899723,Client name 10@gmail.com,TD,904 bay,No,F,113504
2461,Client name 472,25-Apr-82,594 abc road,4038826267,Client name 10@gmail.com,syncrude,1362 bay,Yes,M,125380
2483,Client name 361,25-Jul-78,483 abc road,4035186664,Client name 10@gmail.com,Suncor,1251 bay,Yes,M,135969
2488,Client name 51,02-Feb-88,173 abc road,4035057110,Client name 10@gmail.com,Suncor,941 bay,Yes,M,133306
2503,Client name 292,06-Dec-68,414 abc road,4039917385,Client name 10@gmail.com,syncrude,1182 bay,No,M,121171
2522,Client name 123,16-Nov-85,245 abc road,4036348542,Client name 10@gmail.com,diversified,1013 bay,No,M,79232
2526,Client name 352,05-Feb-81,474 abc road,4032790907,Client name 10@gmail.com,syncrude,1242 bay,Yes,F,141644
2536,Client name 350,01-Apr-74,472 abc road,4036618859,Client name 10@gmail.com,BMO,1240 bay,Yes,F,101878
2558,Client name 370,10-Jun-71,492 abc road,4035344961,Client name 10@gmail.com,BMO,1260 bay,No,M,85230
2566,Client name 107,22-May-86,229 abc road,4037712830,Client name 10@gmail.com,Suncor,997 bay,Yes,M,135042
2572,Client name 180,23-Feb-99,302 abc road,4039958501,Client name 10@gmail.com,BMO,1070 bay,No,M,99289
2622,Client name 453,07-Oct-86,575 abc road,4037451285,Client name 10@gmail.com,diversified,1343 bay,No,F,127953
2631,Client name 443,12-Oct-77,565 abc road,4037836280,Client name 10@gmail.com,diversified,1333 bay,No,F,112147
2662,Client name 221,11-Mar-71,343 abc road,4034020168,Client name 10@gmail.com,Suncor,1111 bay,No,F,128444
2668,Client name 444,30-Nov-97,566 abc road,4035632913,Client name 10@gmail.com,TD,1334 bay,Yes,F,89395
2670,Client name 225,23-May-81,347 abc road,4037362942,Client name 10@gmail.com,Scotiabank,1115 bay,No,F,108114
2680,Client name 229,14-Mar-75,351 abc road,4039778276,Client name 10@gmail.com,Jacobs,1119 bay,No,F,96524
2725,Client name 78,29-Jan-67,200 abc road,4038656841,Client name 10@gmail.com,CNRL,968 bay,Yes,F,66954
2726,Client name 86,31-Aug-73,208 abc road,4033450696,Client name 10@gmail.com,CNRL,976 bay,No,F,80002
2807,Client name 155,27-Aug-92,277 abc road,4035854608,Client name 10@gmail.com,Scotiabank,1045 bay,Yes,M,84308
2820,Client name 421,27-Nov-91,543 abc road,4037089066,Client name 10@gmail.com,Suncor,1311 bay,No,M,80986
2830,Client name 274,23-Apr-88,396 abc road,4036349037,Client name 10@gmail.com,TD,1164 bay,Yes,F,127228
2834,Client name 484,17-May-93,606 abc road,4033127509,Client name 10@gmail.com,TD,1374 bay,No,F,69585
2838,Client name 163,29-May-68,285 abc road,4039295645,Client name 10@gmail.com,diversified,1053 bay,Yes,M,91205
2841,Client name 98,13-Apr-85,220 abc road,4039911929,Client name 10@gmail.com,CNRL,988 bay,No,F,77170
2845,Client name 429,03-Mar-98,551 abc road,4037137677,Client name 10@gmail.com,Jacobs,1319 bay,No,F,131840
2865,Client name 115,29-Dec-93,237 abc road,4034984659,Client name 10@gmail.com,Scotiabank,1005 bay,Yes,F,131082
2876,Client name 396,20-Oct-81,518 abc road,4034428400,Client name 10@gmail.com,CNRL,1286 bay,Yes,F,148471
2889,Client name 166,15-Jan-85,288 abc road,4035474044,Client name 10@gmail.com,CNRL,1056 bay,No,F,134619
2890,Client name 307,09-Nov-83,429 abc road,4039785890,Client name 10@gmail.com,Suncor,1197 bay,Yes,F,109944
2894,Client name 455,23-Jun-84,577 abc road,4034176959,Client name 10@gmail.com,Scotiabank,1345 bay,Yes,M,114677
2916,Client name 447,04-Dec-85,569 abc road,4035898508,Client name 10@gmail.com,Suncor,1337 bay,No,M,130404
2923,Client name 313,20-Aug-92,435 abc road,4039983490,Client name 10@gmail.com,diversified,1203 bay,Yes,F,146525
2937,Client name 433,09-Apr-81,555 abc road,4038518400,Client name 10@gmail.com,diversified,1323 bay,Yes,M,104214
2969,Client name 298,11-Feb-69,420 abc road,4035026119,Client name 10@gmail.com,CNRL,1188 bay,Yes,F,132688
2973,Client name 351,17-Jul-75,473 abc road,4034347434,Client name 10@gmail.com,Suncor,1241 bay,Yes,F,126446
2987,Client name 121,28-Dec-78,243 abc road,4038801529,Client name 10@gmail.com,Suncor,1011 bay,No,M,134936
3004,Client name 162,14-Mar-89,284 abc road,4038075435,Client name 10@gmail.com,syncrude,1052 bay,Yes,M,79353
3018,Client name 379,05-Apr-84,501 abc road,4039716590,Client name 10@gmail.com,Jacobs,1269 bay,Yes,F,135204
3034,Client name 467,05-Nov-01,589 abc road,4038636556,Client name 10@gmail.com,Suncor,1357 bay,No,F,136149
3040,Client name 59,12-Aug-00,181 abc road,4033763211,Client name 10@gmail.com,Jacobs,949 bay,No,M,101076
3067,Client name 147,30-Jan-74,269 abc road,4034651791,Client name 10@gmail.com,Suncor,1037 bay,No,F,123352
3068,Client name 276,28-Jan-97,398 abc road,4035278435,Client name 10@gmail.com,CNRL,1166 bay,Yes,M,108840
3082,Client name 278,23-Jan-96,400 abc road,4039416727,Client name 10@gmail.com,CNRL,1168 bay,No,F,148132
3083,Client name 375,28-Feb-97,497 abc road,4033439288,Client name 10@gmail.com,Scotiabank,1265 bay,Yes,M,90639
3098,Client name 17,23-Jun-69,139 abc road,4038863166,Client name 10@gmail.com,Suncor,907 bay,Yes,M,75510
3114,Client name 302,23-Apr-68,424 abc road,4037728667,Client name 10@gmail.com,syncrude,1192 bay,No,M,126592
3124,Client name 168,20-Jan-82,290 abc road,4035784695,Client name 10@gmail.com,CNRL,1058 bay,No,F,148874
3154,Client name 31,20-May-80,153 abc road,4038298572,Client name 10@gmail.com,Suncor,921 bay,Yes,M,111227
3166,Client name 324,14-Aug-81,446 abc road,4033613310,Client name 10@gmail.com,TD,1214 bay,Yes,F,139114
3186,Client name 438,28-May-85,560 abc road,4038650419,Client name 10@gmail.com,CNRL,1328 bay,Yes,F,98504
3231,Client name 201,08-Jul-72,323 abc road,4032379066,Client name 10@gmail.com,Suncor,1091 bay,Yes,M,141607
3243,Client name 27,04-Mar-86,149 abc road,4034669384,Client name 10@gmail.com,Suncor,917 bay,No,M,85841
3245,Client name 103,10-Oct-81,225 abc road,4036789676,Client name 10@gmail.com,diversified,993 bay,Yes,F,144108
3250,Client name 92,11-Oct-90,214 abc road,4038660923,Client name 10@gmail.com,syncrude,982 bay,Yes,M,117146
3286,Client name 8,10-Feb-95,130 abc road,4033304010,Client name 8@gmail.com,CNRL,898 bay,No,F,89371
3289,Client name 236,21-Oct-92,358 abc road,4038933393,Client name 10@gmail.com,CNRL,1126 bay,No,F,135116
3298,Client name 471,30-Jun-94,593 abc road,4034095620,Client name 10@gmail.com,Suncor,1361 bay,Yes,F,79092
3303,Client name 70,23-Dec-93,192 abc road,4032515989,Client name 10@gmail.com,BMO,960 bay,Yes,F,88077
3309,Client name 263,20-Apr-88,385 abc road,4035439743,Client name 10@gmail.com,diversified,1153 bay,Yes,M,81234
3328,Client name 232,18-Jan-78,354 abc road,4034156039,Client name 10@gmail.com,syncrude,1122 bay,No,M,79909
3333,Client name 316,28-Oct-94,438 abc road,4035947771,Client name 10@gmail.com,CNRL,1206 bay,Yes,M,91904
3369,Client name 244,28-Dec-78,366 abc road,4037259666,Client name 10@gmail.com,TD,1134 bay,Yes,F,83311
3424,Client name 409,24-Oct-86,531 abc road,4039268764,Client name 10@gmail.com,Jacobs,1299 bay,No,F,106536
3429,Client name 403,02-Jun-81,525 abc road,4036457062,Client name 10@gmail.com,diversified,1293 bay,No,M,86323
3452,Client name 234,01-Jan-79,356 abc road,4036702478,Client name 10@gmail.com,TD,1124 bay,Yes,M,98642
3528,Client name 69,16-Mar-69,191 abc road,4033987749,Client name 10@gmail.com,Jacobs,959 bay,No,F,137957
3610,Client name 275,05-Nov-81,397 abc road,4032311215,Client name 10@gmail.com,Scotiabank,1165 bay,Yes,M,72655
3633,Client name 410,22-Jan-71,532 abc road,4037968532,Client name 10@gmail.com,BMO,1300 bay,No,M,133224
3674,Client name 252,13-Jan-70,374 abc road,4035400278,Client name 10@gmail.com,syncrude,1142 bay,Yes,M,99233
3688,Client name 53,21-Nov-96,175 abc road,4038320575,Client name 10@gmail.com,diversified,943 bay,No,F,115834
3706,Client name 354,03-Jan-00,476 abc road,4039733572,Client name 10@gmail.com,TD,1244 bay,No,M,73623
3718,Client name 197,08-May-00,319 abc road,4035737939,Client name 10@gmail.com,Suncor,1087 bay,No,M,139205
3730,Client name 125,08-Oct-00,247 abc road,4032806226,Client name 10@gmail.com,Scotiabank,1015 bay,No,F,137633
3732,Client name 339,13-Oct-72,461 abc road,4038199384,Client name 10@gmail.com,Jacobs,1229 bay,No,M,103789
3734,Client name 156,12-Oct-74,278 abc road,4033020454,Client name 10@gmail.com,CNRL,1046 bay,Yes,M,88935
3739,Client name 32,22-May-98,154 abc road,4035232613,Client name 10@gmail.com,syncrude,922 bay,No,F,119009
3758,Client name 118,18-Nov-80,240 abc road,4035495876,Client name 10@gmail.com,CNRL,1008 bay,Yes,M,126144
3768,Client name 344,31-Jan-75,466 abc road,4032430739,Client name 10@gmail.com,TD,1234 bay,No,M,103706
3775,Client name 426,17-Jan-96,548 abc road,4036103344,Client name 10@gmail.com,CNRL,1316 bay,No,F,67982
3795,Client name 270,30-Jul-82,392 abc road,4036539943,Client name 10@gmail.com,BMO,1160 bay,Yes,F,111038
3801,Client name 172,21-Dec-84,294 abc road,4039712477,Client name 10@gmail.com,syncrude,1062 bay,Yes,M,82194
3836,Client name 451,03-Apr-94,573 abc road,4032488620,Client name 10@gmail.com,Suncor,1341 bay,No,M,118809
3838,Client name 259,02-Aug-81,381 abc road,4033317617,Client name 10@gmail.com,Jacobs,1149 bay,Yes,F,85834
3846,Client name 19,28-Dec-71,141 abc road,4032542516,Client name 10@gmail.com,Jacobs,909 bay,No,F,84807
3857,Client name 174,23-May-87,296 abc road,4039800341,Client name 10@gmail.com,TD,1064 bay,Yes,M,116992
3858,Client name 159,10-Jan-98,281 abc road,4032562386,Client name 10@gmail.com,Jacobs,1049 bay,Yes,M,90589
3872,Client name 20,07-May-81,142 abc road,4038142603,Client name 10@gmail.com,BMO,910 bay,No,M,83921
3902,Client name 376,22-Oct-89,498 abc road,4034063515,Client name 10@gmail.com,CNRL,1266 bay,No,F,95985
3914,Client name 195,23-May-94,317 abc road,4039288482,Client name 10@gmail.com,Scotiabank,1085 bay,No,M,145765
3924,Client name 300,16-Oct-98,422 abc road,4033771691,Client name 10@gmail.com,BMO,1190 bay,No,F,136334
3927,Client name 301,21-Dec-67,423 abc road,4037506891,Client name 10@gmail.com,Suncor,1191 bay,Yes,M,87340
3933,Client name 395,09-Nov-76,517 abc road,4033490528,Client name 10@gmail.com,Scotiabank,1285 bay,No,M,116682
3954,Client name 436,06-Feb-83,558 abc road,4039233246,Client name 10@gmail.com,CNRL,1326 bay,No,M,127850
3956,Client name 89,02-May-86,211 abc road,4036512290,Client name 10@gmail.com,Jacobs,979 bay,Yes,F,70147
3969,Client name 317,18-Sep-98,439 abc road,4033832857,Client name 10@gmail.com,Suncor,1207 bay,No,F,101522
3979,Client name 104,23-Jan-94,226 abc road,4032936154,Client name 10@gmail.com,TD,994 bay,No,F,122504
3990,Client name 416,31-Oct-69,538 abc road,4038874346,Client name 10@gmail.com,CNRL,1306 bay,No,M,78916
4010,Client name 392,09-Jun-94,514 abc road,4036026038,Client name 10@gmail.com,syncrude,1282 bay,No,F,93008
4066,Client name 454,18-Jan-90,576 abc road,4032651589,Client name 10@gmail.com,TD,1344 bay,Yes,F,145233
4114,Client name 114,09-Oct-81,236 abc road,4033715623,Client name 10@gmail.com,TD,1004 bay,No,M,104151
4120,Client name 498,14-Jun-72,620 abc road,4037472242,Client name 10@gmail.com,CNRL,1388 bay,Yes,F,141529
4124,Client name 33,11-Jan-85,155 abc road,4039630423,Client name 10@gmail.com,diversified,923 bay,No,F,97844
4142,Client name 128,21-Dec-72,250 abc road,4032325886,Client name 10@gmail.com,CNRL,1018 bay,No,M,104412
4156,Client name 463,16-Apr-67,585 abc road,4032620709,Client name 10@gmail.com,diversified,1353 bay,Yes,M,145630
4157,Client name 287,16-Nov-99,409 abc road,4037259227,Client name 10@gmail.com,Suncor,1177 bay,Yes,F,99077
4160,Client name 309,10-Nov-01,431 abc road,4037915091,Client name 10@gmail.com,Jacobs,1199 bay,Yes,F,106320
4173,Client name 13,06-Apr-94,135 abc road,4036148162,Client name 10@gmail.com,diversified,903 bay,No,F,108755
4180,Client name 334,11-Dec-71,456 abc road,4034772128,Client name 10@gmail.com,TD,1224 bay,Yes,M,120853
4184,Client name 199,23-Dec-85,321 abc road,4038452627,Client name 10@gmail.com,Jacobs,1089 bay,No,F,130150
4205,Client name 387,09-May-82,509 abc road,4038256812,Client name 10@gmail.com,Suncor,1277 bay,Yes,F,136761
4209,Client name 480,11-Feb-93,602 abc road,4037729209,Client name 10@gmail.com,BMO,1370 bay,Yes,F,142054
4246,Client name 150,22-Jul-98,272 abc road,4032754780,Client name 10@gmail.com,BMO,1040 bay,No,F,143540
4254,Client name 418,25-May-99,540 abc road,4033122739,Client name 10@gmail.com,CNRL,1308 bay,No,M,80182
4258,Client name 257,27-May-78,379 abc road,4033703741,Client name 10@gmail.com,Suncor,1147 bay,Yes,M,111553
4301,Client name 165,27-Apr-83,287 abc road,4038515039,Client name 10@gmail.com,Scotiabank,1055 bay,No,F,76329
4303,Client name 419,21-Oct-89,541 abc road,4037839225,Client name 10@gmail.com,Jacobs,1309 bay,Yes,M,102438
4318,Client name 167,09-Jul-85,289 abc road,4039127134,Client name 10@gmail.com,Suncor,1057 bay,Yes,F,75829
4331,Client name 408,22-May-81,530 abc road,4037791477,Client name 10@gmail.com,CNRL,1298 bay,Yes,M,126734
4333,Client name 450,27-Sep-70,572 abc road,4035217106,Client name 10@gmail.com,BMO,1340 bay,No,F,107598
4350,Client name 446,13-Aug-84,568 abc road,4036400562,Client name 10@gmail.com,CNRL,1336 bay,Yes,F,108215
4359,Client name 238,29-Jan-85,360 abc road,4038298834,Client name 10@gmail.com,CNRL,1128 bay,Yes,F,105669
4366,Client name 158,09-Sep-95,280 abc road,4035946107,Client name 10@gmail.com,CNRL,1048 bay,No,M,91725
4387,Client name 391,19-Jan-81,513 abc road,4036149921,Client name 10@gmail.com,Suncor,1281 bay,No,M,133356
4401,Client name 204,12-Aug-87,326 abc road,4038528955,Client name 10@gmail.com,TD,1094 bay,Yes,F,78944
4419,Client name 364,21-Nov-98,486 abc road,4034642248,Client name 10@gmail.com,TD,1254 bay,No,M,92984
4420,Client name 494,18-Jan-71,616 abc road,4032554116,Client name 10@gmail.com,TD,1384 bay,No,M,82664
4428,Client name 16,08-Jun-73,138 abc road,4032866590,Client name 10@gmail.com,CNRL,906 bay,Yes,M,98034
4430,Client name 299,18-Dec-94,421 abc road,4035231510,Client name 10@gmail.com,Jacobs,1189 bay,No,M,141547
4441,Client name 398,19-Mar-67,520 abc road,4035986026,Client name 10@gmail.com,CNRL,1288 bay,Yes,M,96068
4446,Client name 196,28-Nov-93,318 abc road,4034120288,Client name 10@gmail.com,CNRL,1086 bay,No,M,100073
4449,Client name 112,22-Sep-98,234 abc road,4038337046,Client name 10@gmail.com,syncrude,1002 bay,Yes,M,134850
4453,Client name 342,11-Apr-89,464 abc road,4038859120,Client name 10@gmail.com,syncrude,1232 bay,No,F,77074
4461,Client name 466,03-Dec-78,588 abc road,4035464458,Client name 10@gmail.com,CNRL,1356 bay,No,F,91395
4474,Client name 308,15-Feb-77,430 abc road,4039190057,Client name 10@gmail.com,CNRL,1198 bay,Yes,F,137338
4530,Client name 373,26-Dec-87,495 abc road,4034379974,Client name 10@gmail.com,diversified,1263 bay,Yes,M,116995
4536,Client name 4,14-Nov-84,126 abc road,4038332659,Client name 4@gmail.com,TD,894 bay,Yes,M,139314
4620,Client name 383,10-Nov-79,505 abc road,4035204793,Client name 10@gmail.com,diversified,1273 bay,No,F,138969
4632,Client name 326,07-May-89,448 abc road,4037007565,Client name 10@gmail.com,CNRL,1216 bay,Yes,F,102814
4640,Client name 226,28-Sep-85,348 abc road,4034693326,Client name 10@gmail.com,CNRL,1116 bay,No,M,126453
4643,Client name 102,16-Oct-99,224 abc road,4038702576,Client name 10@gmail.com,syncrude,992 bay,Yes,M,135988
4657,Client name 407,30-Dec-69,529 abc road,4034748548,Client name 10@gmail.com,Suncor,1297 bay,No,M,77614
4670,Client name 465,29-Jul-91,587 abc road,4032934010,Client name 10@gmail.com,Scotiabank,1355 bay,Yes,F,98248
4685,Client name 94,30-Oct-98,216 abc road,4036988615,Client name 10@gmail.com,TD,984 bay,No,M,97034
4699,Client name 473,26-Mar-76,595 abc road,4032824407,Client name 10@gmail.com,diversified,1363 bay,No,M,145141
4705,Client name 39,17-Jun-82,161 abc road,4034593972,Client name 10@gmail.com,Jacobs,929 bay,No,F,146852
4726,Client name 286,07-Feb-73,408 abc road,4037726268,Client name 10@gmail.com,CNRL,1176 bay,Yes,M,86288
4727,Client name 71,01-Dec-89,193 abc road,4032518765,Client name 10@gmail.com,Suncor,961 bay,Yes,M,109022
4747,Client name 425,27-Jun-90,547 abc road,4036652635,Client name 10@gmail.com,Scotiabank,1315 bay,No,F,131483
4756,Client name 146,16-May-95,268 abc road,4039131936,Client name 10@gmail.com,CNRL,1036 bay,Yes,M,136270
4763,Client name 367,23-Sep-98,489 abc road,4037297420,Client name 10@gmail.com,Suncor,1257 bay,No,M,114667
4765,Client name 176,22-Nov-68,298 abc road,4033460774,Client name 10@gmail.com,CNRL,1066 bay,Yes,F,94543
4789,Client name 192,12-Apr-85,314 abc road,4032342321,Client name 10@gmail.com,syncrude,1082 bay,No,M,71727
4850,Client name 183,09-Aug-70,305 abc road,4035913673,Client name 10@gmail.com,diversified,1073 bay,Yes,M,143933
4899,Client name 81,22-Nov-91,203 abc road,4038056295,Client name 10@gmail.com,Suncor,971 bay,No,M,132504
4959,Client name 228,18-Jan-94,350 abc road,4039922222,Client name 10@gmail.com,CNRL,1118 bay,Yes,F,71429
4993,Client name 100,18-Mar-00,222 abc road,4035814299,Client name 10@gmail.com,BMO,990 bay,Yes,M,116666
5022,Client name 140,14-Jan-69,262 abc road,4035475287,Client name 10@gmail.com,BMO,1030 bay,Yes,F,86628
5024,Client name 188,01-Mar-89,310 abc road,4036745779,Client name 10@gmail.com,CNRL,1078 bay,Yes,F,127920
5030,Client name 187,23-Dec-86,309 abc road,4036261394,Client name 10@gmail.com,Suncor,1077 bay,Yes,M,71835
5031,Client name 38,11-Mar-89,160 abc road,4037787243,Client name 10@gmail.com,CNRL,928 bay,No,F,129520
5042,Client name 315,15-Nov-86,437 abc road,4035977078,Client name 10@gmail.com,Scotiabank,1205 bay,No,M,74408
5089,Client name 136,23-Sep-99,258 abc road,4034447961,Client name 10@gmail.com,CNRL,1026 bay,No,F,122814
5091,Client name 82,08-Oct-80,204 abc road,4032720277,Client name 10@gmail.com,syncrude,972 bay,Yes,F,84608
5096,Client name 113,23-Jun-67,235 abc road,4039686515,Client name 10@gmail.com,diversified,1003 bay,Yes,F,103627
5150,Client name 64,24-Jan-94,186 abc road,4034044834,Client name 10@gmail.com,TD,954 bay,No,M,81889
5170,Client name 336,24-Sep-95,458 abc road,4037451825,Client name 10@gmail.com,CNRL,1226 bay,Yes,F,113345
5173,Client name 382,21-Nov-98,504 abc road,4035125255,Client name 10@gmail.com,syncrude,1272 bay,Yes,M,134108
5175,Client name 87,10-Jun-89,209 abc road,4032878412,Client name 10@gmail.com,Suncor,977 bay,No,M,101338
5185,Client name 488,05-Jul-84,610 abc road,4035647719,Client name 10@gmail.com,CNRL,1378 bay,No,F,129558
5192,Client name 43,16-Dec-96,165 abc road,4039965889,Client name 10@gmail.com,diversified,933 bay,Yes,M,127722
5213,Client name 329,11-Feb-78,451 abc road,4034759670,Client name 10@gmail.com,Jacobs,1219 bay,Yes,M,132192
5248,Client name 360,15-Sep-85,482 abc road,4039820161,Client name 10@gmail.com,BMO,1250 bay,Yes,F,120566
5262,Client name 256,11-Aug-94,378 abc road,4034068976,Client name 10@gmail.com,CNRL,1146 bay,Yes,F,127286
5267,Client name 306,26-Mar-77,428 abc road,4033041240,Client name 10@gmail.com,CNRL,1196 bay,Yes,F,74095
5282,Client name 449,20-Aug-67,571 abc road,4032936471,Client name 10@gmail.com,Jacobs,1339 bay,Yes,F,72838
5351,Client name 213,24-Feb-77,335 abc road,4038675174,Client name 10@gmail.com,diversified,1103 bay,No,F,136007
5362,Client name 415,12-Apr-93,537 abc road,4032881467,Client name 10@gmail.com,Scotiabank,1305 bay,Yes,M,69094
5378,Client name 145,12-Feb-90,267 abc road,4034095268,Client name 10@gmail.com,Scotiabank,1035 bay,Yes,M,132871
5395,Client name 23,28-Aug-76,145 abc road,4039514536,Client name 10@gmail.com,diversified,913 bay,Yes,M,103217
5396,Client name 430,01-Dec-94,552 abc road,4037193580,Client name 10@gmail.com,BMO,1320 bay,Yes,M,94835
5408,Client name 233,08-Jul-88,355 abc road,4034770244,Client name 10@gmail.com,diversified,1123 bay,No,F,143687
5410,Client name 327,25-Jun-75,449 abc road,4036926775,Client name 10@gmail.com,Suncor,1217 bay,Yes,F,113778
5411,Client name 399,04-Mar-99,521 abc road,4033449101,Client name 10@gmail.com,Jacobs,1289 bay,No,F,130113
5422,Client name 348,26-Jan-97,470 abc road,4038127116,Client name 10@gmail.com,CNRL,1238 bay,No,M,117866
5437,Client name 9,01-Apr-05,131 abc road,4033746196,Client name 9@gmail.com,Jacobs,899 bay,Yes,M,123830
5471,Client name 448,23-Feb-70,570 abc road,4036639351,Client name 10@gmail.com,CNRL,1338 bay,No,F,128676
5476,Client name 2,11-Jan-76,124 abc road,4039944374,Client name 2@gmail.com,syncrude,892 bay,Yes,M,81495
5481,Client name 343,31-May-90,465 abc road,4037695006,Client name 10@gmail.com,diversified,1233 bay,Yes,M,131638
5488,Client name 424,08-Nov-68,546 abc road,4039642225,Client name 10@gmail.com,TD,1314 bay,No,M,88410
5538,Client name 411,17-Oct-69,533 abc road,4039567827,Client name 10@gmail.com,Suncor,1301 bay,Yes,M,78260
5547,Client name 80,17-Mar-84,202 abc road,4035987059,Client name 10@gmail.com,BMO,970 bay,No,F,141875
5576,Client name 171,07-Apr-81,293 abc road,4036335083,Client name 10@gmail.com,Suncor,1061 bay,No,M,87140
5590,Client name 293,16-Aug-67,415 abc road,4038930711,Client name 10@gmail.com,diversified,1183 bay,Yes,M,92203
5596,Client name 42,02-May-98,164 abc road,4032811256,Client name 10@gmail.com,syncrude,932 bay,Yes,F,87179
5607,Client name 253,07-Feb-95,375 abc road,4033575181,Client name 10@gmail.com,diversified,1143 bay,Yes,M,136794
5616,Client name 319,30-Apr-00,441 abc road,4033785869,Client name 10@gmail.com,Jacobs,1209 bay,Yes,F,83395
5621,Client name 297,17-May-00,419 abc road,4033645033,Client name 10@gmail.com,Suncor,1187 bay,No,M,94553
5645,Client name 281,25-Jun-68,403 abc road,4039551301,Client name 10@gmail.com,Suncor,1171 bay,Yes,M,130546
5660,Client name 458,01-Oct-68,580 abc road,4037291147,Client name 10@gmail.com,CNRL,1348 bay,Yes,F,119720
5664,Client name 105,15-Jun-77,227 abc road,4034665701,Client name 10@gmail.com,Scotiabank,995 bay,No,F,71763
5684,Client name 133,19-Dec-71,255 abc road,4035330594,Client name 10@gmail.com,diversified,1023 bay,No,F,105764
5708,Client name 30,28-Mar-82,152 abc road,4032354946,Client name 10@gmail.com,BMO,920 bay,No,M,97224
5733,Client name 154,28-Feb-83,276 abc road,4038776576,Client name 10@gmail.com,TD,1044 bay,No,M,105580
5753,Client name 322,19-Aug-74,444 abc road,4034779000,Client name 10@gmail.com,syncrude,1212 bay,No,M,104516
5787,Client name 251,16-May-78,373 abc road,4039616617,Client name 10@gmail.com,Suncor,1141 bay,Yes,M,68812
5800,Client name 325,29-Nov-88,447 abc road,4032632514,Client name 10@gmail.com,Scotiabank,1215 bay,No,F,68471
5804,Client name 330,05-Mar-68,452 abc road,4036029701,Client name 10@gmail.com,BMO,1220 bay,Yes,F,107891
5824,Client name 437,21-Aug-86,559 abc road,4034762196,Client name 10@gmail.com,Suncor,1327 bay,No,F,145504
5845,Client name 178,06-Nov-82,300 abc road,4038324371,Client name 10@gmail.com,CNRL,1068 bay,Yes,F,138546
5847,Client name 442,23-Aug-73,564 abc road,4038560622,Client name 10@gmail.com,syncrude,1332 bay,Yes,F,108320
5914,Client name 214,03-Jan-69,336 abc road,4036994439,Client name 10@gmail.com,TD,1104 bay,No,M,131682
5924,Client name 490,30-Jan-99,612 abc road,4032822790,Client name 10@gmail.com,BMO,1380 bay,Yes,M,121078
6038,Client name 356,24-Jun-88,478 abc road,4032632872,Client name 10@gmail.com,CNRL,1246 bay,No,M,93756
6039,Client name 479,06-May-81,601 abc road,4032621774,Client name 10@gmail.com,Jacobs,1369 bay,Yes,F,131873
6051,Client name 312,07-Nov-74,434 abc road,4038644962,Client name 10@gmail.com,syncrude,1202 bay,Yes,M,101431
6059,Client name 88,06-Apr-93,210 abc road,4033164468,Client name 10@gmail.com,CNRL,978 bay,Yes,M,99735
6067,Client name 215,11-Aug-89,337 abc road,4035936560,Client name 10@gmail.com,Scotiabank,1105 bay,No,M,71180
6076,Client name 173,19-Jun-73,295 abc road,4039870744,Client name 10@gmail.com,diversified,1063 bay,Yes,M,69741
6125,Client name 441,02-Nov-87,563 abc road,4037709510,Client name 10@gmail.com,Suncor,1331 bay,Yes,M,134192
6140,Client name 258,27-Jun-75,380 abc road,4039765831,Client name 10@gmail.com,CNRL,1148 bay,Yes,F,89678
6157,Client name 160,14-Oct-01,282 abc road,4038134930,Client name 10@gmail.com,BMO,1050 bay,No,M,78055
6189,Client name 193,20-Feb-01,315 abc road,4034153025,Client name 10@gmail.com,diversified,1083 bay,No,M,147523
6241,Client name 487,11-Apr-94,609 abc road,4039321884,Client name 10@gmail.com,Suncor,1377 bay,Yes,F,133811
6281,Client name 482,14-Aug-95,604 abc road,4035979591,Client name 10@gmail.com,syncrude,1372 bay,No,M,109741
6305,Client name 91,17-Aug-73,213 abc road,4035327272,Client name 10@gmail.com,Suncor,981 bay,Yes,F,67631
6324,Client name 58,01-Dec-74,180 abc road,4034829391,Client name 10@gmail.com,CNRL,948 bay,No,M,131169
6403,Client name 385,12-Jul-91,507 abc road,4033615038,Client name 10@gmail.com,Scotiabank,1275 bay,Yes,M,130351
6426,Client name 76,02-Jul-83,198 abc road,4034872365,Client name 10@gmail.com,CNRL,966 bay,No,F,76629
6430,Client name 414,06-Sep-82,536 abc road,4039611882,Client name 10@gmail.com,TD,1304 bay,Yes,M,115250
6436,Client name 359,01-Dec-81,481 abc road,4034209971,Client name 10@gmail.com,Jacobs,1249 bay,Yes,F,130511
6479,Client name 328,18-Jun-76,450 abc road,4036968119,Client name 10@gmail.com,CNRL,1218 bay,Yes,F,141311
6488,Client name 294,21-Mar-86,416 abc road,4035741468,Client name 10@gmail.com,TD,1184 bay,No,F,149530
6495,Client name 135,09-Apr-83,257 abc road,4033427326,Client name 10@gmail.com,Scotiabank,1025 bay,No,M,122330
6513,Client name 83,31-Mar-81,205 abc road,4032849372,Client name 10@gmail.com,diversified,973 bay,No,M,93613
6518,Client name 21,12-Jul-70,143 abc road,4036665536,Client name 10@gmail.com,Suncor,911 bay,No,M,146278
6554,Client name 211,13-Aug-74,333 abc road,4037969270,Client name 10@gmail.com,Suncor,1101 bay,Yes,M,98228
6580,Client name 481,05-Dec-98,603 abc road,4036056298,Client name 10@gmail.com,Suncor,1371 bay,Yes,M,77619
6593,Client name 68,20-Sep-79,190 abc road,4034129986,Client name 10@gmail.com,CNRL,958 bay,Yes,F,111266
6630,Client name 75,25-Feb-96,197 abc road,4038526889,Client name 10@gmail.com,Scotiabank,965 bay,Yes,M,73433
6639,Client name 491,05-Jun-97,613 abc road,4037635899,Client name 10@gmail.com,Suncor,1381 bay,No,M,69899
6660,Client name 497,22-Jun-85,619 abc road,4039138819,Client name 10@gmail.com,Suncor,1387 bay,Yes,M,118332
6664,Client name 295,26-Dec-01,417 abc road,4039147447,Client name 10@gmail.com,Scotiabank,1185 bay,No,F,145460
6668,Client name 303,13-Oct-01,425 abc road,4038735259,Client name 10@gmail.com,diversified,1193 bay,No,M,137536
6692,Client name 122,19-Jul-77,244 abc road,4034824672,Client name 10@gmail.com,syncrude,1012 bay,No,F,140866
6712,Client name 95,22-Feb-87,217 abc road,4036739196,Client name 10@gmail.com,Scotiabank,985 bay,Yes,M,117950
6715,Client name 291,28-Apr-91,413 abc road,4038752847,Client name 10@gmail.com,Suncor,1181 bay,Yes,M,101866
6716,Client name 305,08-Aug-93,427 abc road,4034365359,Client name 10@gmail.com,Scotiabank,1195 bay,Yes,M,121792
6792,Client name 476,21-Mar-95,598 abc road,4038492791,Client name 10@gmail.com,CNRL,1366 bay,Yes,F,117600
6799,Client name 400,03-May-93,522 abc road,4037857535,Client name 10@gmail.com,BMO,1290 bay,No,M,107396
6836,Client name 377,26-Jul-94,499 abc road,4034887611,Client name 10@gmail.com,Suncor,1267 bay,No,M,65642
6838,Client name 202,11-Sep-77,324 abc road,4034138515,Client name 10@gmail.com,syncrude,1092 bay,No,M,106448
6843,Client name 210,15-May-78,332 abc road,4033260647,Client name 10@gmail.com,BMO,1100 bay,Yes,M,106231
6857,Client name 97,09-Oct-97,219 abc road,4035778196,Client name 10@gmail.com,Suncor,987 bay,Yes,M,68204
6867,Client name 349,10-Apr-84,471 abc road,4034744202,Client name 10@gmail.com,Jacobs,1239 bay,No,M,66915
6906,Client name 149,21-Oct-74,271 abc road,4038154336,Client name 10@gmail.com,Jacobs,1039 bay,Yes,F,132115
6917,Client name 483,19-Mar-95,605 abc road,4038985044,Client name 10@gmail.com,diversified,1373 bay,No,F,83444
6918,Client name 235,08-Aug-00,357 abc road,4035047661,Client name 10@gmail.com,Scotiabank,1125 bay,No,M,139899
6921,Client name 468,08-Oct-84,590 abc road,4033994900,Client name 10@gmail.com,CNRL,1358 bay,No,F,107767
6970,Client name 492,23-Sep-97,614 abc road,4033954056,Client name 10@gmail.com,syncrude,1382 bay,Yes,F,99788
6972,Client name 124,15-Mar-75,246 abc road,4039880866,Client name 10@gmail.com,TD,1014 bay,Yes,M,101204
6974,Client name 54,18-Nov-79,176 abc road,4034482454,Client name 10@gmail.com,TD,944 bay,No,M,110190
7013,Client name 161,05-Apr-69,283 abc road,4033284338,Client name 10@gmail.com,Suncor,1051 bay,Yes,F,144230
7014,Client name 179,16-Oct-72,301 abc road,4037198813,Client name 10@gmail.com,Jacobs,1069 bay,Yes,M,134867
7021,Client name 56,27-Jul-00,178 abc road,4035745345,Client name 10@gmail.com,CNRL,946 bay,Yes,M,138605
7045,Client name 65,12-Sep-83,187 abc road,4033335080,Client name 10@gmail.com,Scotiabank,955 bay,Yes,M,143738
7051,Client name 50,25-Aug-85,172 abc road,4034435492,Client name 10@gmail.com,BMO,940 bay,Yes,M,123448
7067,Client name 212,24-Dec-85,334 abc road,4039841430,Client name 10@gmail.com,syncrude,1102 bay,Yes,M,74196
7071,Client name 205,19-Nov-83,327 abc road,4038462227,Client name 10@gmail.com,Scotiabank,1095 bay,No,M,105523
7151,Client name 153,08-Aug-68,275 abc road,4039573472,Client name 10@gmail.com,diversified,1043 bay,No,F,113889
7158,Client name 216,21-Jan-79,338 abc road,4035936361,Client name 10@gmail.com,CNRL,1106 bay,Yes,M,92023
7175,Client name 296,15-Oct-75,418 abc road,4034670162,Client name 10@gmail.com,CNRL,1186 bay,No,F,92827
7180,Client name 331,31-Aug-87,453 abc road,4034263248,Client name 10@gmail.com,Suncor,1221 bay,Yes,F,103431
7184,Client name 365,29-Jul-80,487 abc road,4036326696,Client name 10@gmail.com,Scotiabank,1255 bay,No,M,77216
7205,Client name 267,23-Mar-67,389 abc road,4034468256,Client name 10@gmail.com,Suncor,1157 bay,No,M,128267
7206,Client name 237,12-Nov-96,359 abc road,4037417050,Client name 10@gmail.com,Suncor,1127 bay,Yes,M,128858
7251,Client name 460,24-Dec-96,582 abc road,4037468665,Client name 10@gmail.com,BMO,1350 bay,Yes,F,139983
7308,Client name 478,30-Dec-96,600 abc road,4032965747,Client name 10@gmail.com,CNRL,1368 bay,No,F,95409
7319,Client name 190,25-Oct-92,312 abc road,4036339110,Client name 10@gmail.com,BMO,1080 bay,No,F,101860
7337,Client name 434,24-Feb-90,556 abc road,4036416706,Client name 10@gmail.com,TD,1324 bay,No,F,112236
7356,Client name 432,06-Feb-70,554 abc road,4033952521,Client name 10@gmail.com,syncrude,1322 bay,Yes,F,95749
7366,Client name 99,25-Apr-80,221 abc road,4038836829,Client name 10@gmail.com,Jacobs,989 bay,Yes,M,127116
7383,Client name 406,23-Feb-80,528 abc road,4036217318,Client name 10@gmail.com,CNRL,1296 bay,Yes,F,98728
7390,Client name 338,29-Jun-88,460 abc road,4036165425,Client name 10@gmail.com,CNRL,1228 bay,No,F,102503
7396,Client name 378,08-Mar-72,500 abc road,4036439130,Client name 10@gmail.com,CNRL,1268 bay,Yes,F,146979
7401,Client name 341,25-Feb-91,463 abc road,4033866625,Client name 10@gmail.com,Suncor,1231 bay,No,M,85909
7423,Client name 200,12-Jun-96,322 abc road,4037664114,Client name 10@gmail.com,BMO,1090 bay,Yes,F,137440
7433,Client name 63,24-Sep-87,185 abc road,4034898660,Client name 10@gmail.com,diversified,953 bay,Yes,M,97214
7438,Client name 456,22-Oct-78,578 abc road,4034090986,Client name 10@gmail.com,CNRL,1346 bay,Yes,M,119686
7453,Client name 191,01-Mar-87,313 abc road,4039863406,Client name 10@gmail.com,Suncor,1081 bay,No,M,76754
7491,Client name 184,29-Mar-92,306 abc road,4033754590,Client name 10@gmail.com,TD,1074 bay,No,F,132114
7497,Client name 318,06-Nov-73,440 abc road,4039054640,Client name 10@gmail.com,CNRL,1208 bay,Yes,M,143515
7498,Client name 314,10-Dec-95,436 abc road,4035925383,Client name 10@gmail.com,TD,1204 bay,Yes,M,118517
7506,Client name 401,21-Feb-91,523 abc road,4035995409,Client name 10@gmail.com,Suncor,1291 bay,Yes,F,71529
7508,Client name 182,04-Nov-70,304 abc road,4033414068,Client name 10@gmail.com,syncrude,1072 bay,Yes,F,87552
7537,Client name 397,17-Jun-99,519 abc road,4033808448,Client name 10@gmail.com,Suncor,1287 bay,Yes,M,149302
7552,Client name 185,22-Mar-94,307 abc road,4038759185,Client name 10@gmail.com,Scotiabank,1075 bay,No,M,97951
7563,Client name 477,20-May-82,599 abc road,4032361103,Client name 10@gmail.com,Suncor,1367 bay,Yes,F,140061
7577,Client name 29,28-Mar-78,151 abc road,4038236717,Client name 10@gmail.com,Jacobs,919 bay,No,F,141979
7614,Client name 120,15-Oct-90,242 abc road,4034302311,Client name 10@gmail.com,BMO,1010 bay,Yes,M,79006
7645,Client name 7,06-Jan-15,129 abc road,4039308268,Client name 7@gmail.com,Suncor,897 bay,No,M,124160
7649,Client name 66,18-Sep-88,188 abc road,4033766108,Client name 10@gmail.com,CNRL,956 bay,Yes,F,86568
7668,Client name 222,14-Apr-87,344 abc road,4036805892,Client name 10@gmail.com,syncrude,1112 bay,Yes,F,99252
7669,Client name 345,29-Feb-88,467 abc road,4036352232,Client name 10@gmail.com,Scotiabank,1235 bay,No,F,89763
7692,Client name 93,06-Jun-82,215 abc road,4038876316,Client name 10@gmail.com,diversified,983 bay,No,F,116374
7707,Client name 386,14-Jan-82,508 abc road,4039674312,Client name 10@gmail.com,CNRL,1276 bay,No,M,98428
7712,Client name 333,11-May-77,455 abc road,4033998447,Client name 10@gmail.com,diversified,1223 bay,Yes,M,92891
7718,Client name 170,31-Jul-76,292 abc road,4032355349,Client name 10@gmail.com,BMO,1060 bay,Yes,M,107082
7721,Client name 117,22-Jan-86,239 abc road,4038541456,Client name 10@gmail.com,Suncor,1007 bay,Yes,F,134426
7750,Client name 254,10-Nov-67,376 abc road,4033375445,Client name 10@gmail.com,TD,1144 bay,No,F,95461
7807,Client name 485,23-Jul-00,607 abc road,4033829381,Client name 10@gmail.com,Scotiabank,1375 bay,Yes,M,149336
7841,Client name 347,15-Oct-00,469 abc road,4038567054,Client name 10@gmail.com,Suncor,1237 bay,Yes,M,67715
7849,Client name 186,07-Dec-91,308 abc road,4039743075,Client name 10@gmail.com,CNRL,1076 bay,No,F,147002
7855,Client name 77,11-Mar-80,199 abc road,4034179326,Client name 10@gmail.com,Suncor,967 bay,No,M,108681
7874,Client name 380,18-Feb-89,502 abc road,4033461175,Client name 10@gmail.com,BMO,1270 bay,Yes,M,80797
7931,Client name 37,27-Aug-67,159 abc road,4035882149,Client name 10@gmail.com,Suncor,927 bay,No,M,113711
7962,Client name 79,27-Apr-70,201 abc road,4033284054,Client name 10@gmail.com,Jacobs,969 bay,No,M,102476
7975,Client name 48,26-Jul-96,170 abc road,4038692175,Client name 10@gmail.com,CNRL,938 bay,No,F,138098
7987,Client name 321,27-Jan-87,443 abc road,4035627556,Client name 10@gmail.com,Suncor,1211 bay,Yes,M,81070
8076,Client name 10,06-May-82,132 abc road,4032634406,Client name 10@gmail.com,BMO,900 bay,No,F,81595
8085,Client name 389,25-Jun-75,511 abc road,4034308374,Client name 10@gmail.com,Jacobs,1279 bay,No,F,123168
8095,Client name 355,29-Sep-87,477 abc road,4036347126,Client name 10@gmail.com,Scotiabank,1245 bay,Yes,F,128803
8105,Client name 461,25-Apr-93,583 abc road,4038159906,Client name 10@gmail.com,Suncor,1351 bay,No,M,95358
8136,Client name 152,20-Jun-00,274 abc road,4032326568,Client name 10@gmail.com,syncrude,1042 bay,Yes,F,128055
8196,Client name 230,04-Nov-70,352 abc road,4039555632,Client name 10@gmail.com,BMO,1120 bay,Yes,M,148787
8230,Client name 73,12-Aug-96,195 abc road,4032713000,Client name 10@gmail.com,diversified,963 bay,Yes,F,133575
8255,Client name 475,14-Jun-69,597 abc road,4036127688,Client name 10@gmail.com,Scotiabank,1365 bay,Yes,M,128151
8326,Client name 496,28-Apr-85,618 abc road,4037828971,Client name 10@gmail.com,CNRL,1386 bay,Yes,F,77591
8329,Client name 240,27-Oct-99,362 abc road,4034861201,Client name 10@gmail.com,BMO,1130 bay,Yes,M,113085
8339,Client name 337,14-Jul-96,459 abc road,4039459693,Client name 10@gmail.com,Suncor,1227 bay,No,F,92506
8357,Client name 470,03-May-95,592 abc road,4037806072,Client name 10@gmail.com,BMO,1360 bay,No,M,145173
8374,Client name 422,03-Jul-81,544 abc road,4035312489,Client name 10@gmail.com,syncrude,1312 bay,No,F,114930
8376,Client name 332,29-Mar-69,454 abc road,4037280617,Client name 10@gmail.com,syncrude,1222 bay,Yes,M,142705
8394,Client name 206,27-Mar-83,328 abc road,4039408492,Client name 10@gmail.com,CNRL,1096 bay,Yes,M,135686
8407,Client name 248,24-Aug-67,370 abc road,4035452749,Client name 10@gmail.com,CNRL,1138 bay,No,F,132679
8433,Client name 138,09-Jul-83,260 abc road,4032691328,Client name 10@gmail.com,CNRL,1028 bay,Yes,M,117083
8457,Client name 62,03-Apr-67,184 abc road,4034288118,Client name 10@gmail.com,syncrude,952 bay,No,M,139870
8483,Client name 44,13-Aug-84,166 abc road,4038898154,Client name 10@gmail.com,TD,934 bay,No,M,112999
8548,Client name 311,15-Jun-82,433 abc road,4034830956,Client name 10@gmail.com,Suncor,1201 bay,No,F,141277
8590,Client name 268,13-Oct-85,390 abc road,4037151098,Client name 10@gmail.com,CNRL,1158 bay,No,M,115640
8613,Client name 260,15-Sep-70,382 abc road,4034629814,Client name 10@gmail.com,BMO,1150 bay,No,M,145729
8620,Client name 111,02-Mar-82,233 abc road,4035966719,Client name 10@gmail.com,Suncor,1001 bay,No,F,133256
8630,Client name 285,07-Oct-83,407 abc road,4033703595,Client name 10@gmail.com,Scotiabank,1175 bay,Yes,M,81206
8669,Client name 129,24-Oct-86,251 abc road,4037805079,Client name 10@gmail.com,Jacobs,1019 bay,No,M,118721
8674,Client name 151,29-Aug-00,273 abc road,4035613493,Client name 10@gmail.com,Suncor,1041 bay,Yes,F,145286
8702,Client name 139,12-Feb-91,261 abc road,4037940787,Client name 10@gmail.com,Jacobs,1029 bay,Yes,M,102630
8711,Client name 207,12-Mar-80,329 abc road,4034248345,Client name 10@gmail.com,Suncor,1097 bay,Yes,F,83981
8732,Client name 208,04-Jul-97,330 abc road,4038610747,Client name 10@gmail.com,CNRL,1098 bay,No,F,90283
8765,Client name 3,30-Sep-00,125 abc road,4032483622,Client name 3@gmail.com,diversified,893 bay,Yes,M,123882
8766,Client name 369,10-Dec-90,491 abc road,4035399187,Client name 10@gmail.com,Jacobs,1259 bay,Yes,M,69518
8771,Client name 143,30-Dec-75,265 abc road,4033860679,Client name 10@gmail.com,diversified,1033 bay,Yes,F,130251
8799,Client name 417,21-Aug-89,539 abc road,4032533652,Client name 10@gmail.com,Suncor,1307 bay,Yes,M,66087
8840,Client name 452,26-Aug-75,574 abc road,4035265574,Client name 10@gmail.com,syncrude,1342 bay,No,F,99999
8841,Client name 304,21-Jan-91,426 abc road,4036957669,Client name 10@gmail.com,TD,1194 bay,Yes,F,106972
8845,Client name 431,13-Mar-81,553 abc road,4039805265,Client name 10@gmail.com,Suncor,1321 bay,Yes,F,68638
8878,Client name 363,24-Mar-69,485 abc road,4038500633,Client name 10@gmail.com,diversified,1253 bay,Yes,F,142143
8888,Client name 405,04-Jan-97,527 abc road,4033147822,Client name 10@gmail.com,Scotiabank,1295 bay,Yes,M,123104
8908,Client name 250,31-Dec-98,372 abc road,4039470772,Client name 10@gmail.com,BMO,1140 bay,Yes,M,123605
8912,Client name 282,23-Oct-81,404 abc road,4032615519,Client name 10@gmail.com,syncrude,1172 bay,Yes,M,141682
8921,Client name 60,02-Nov-86,182 abc road,4032349563,Client name 10@gmail.com,BMO,950 bay,Yes,M,143083
8938,Client name 500,15-Oct-00,622 abc road,4036863500,Client name 10@gmail.com,BMO,1390 bay,No,M,145188
8944,Client name 374,11-Mar-82,496 abc road,4037554035,Client name 10@gmail.com,TD,1264 bay,Yes,F,68928
8955,Client name 220,06-Jan-69,342 abc road,4034639115,Client name 10@gmail.com,BMO,1110 bay,Yes,M,110948
8956,Client name 439,18-Sep-80,561 abc road,4038239705,Client name 10@gmail.com,Jacobs,1329 bay,Yes,M,117464
9032,Client name 52,23-Nov-74,174 abc road,4037550106,Client name 10@gmail.com,syncrude,942 bay,Yes,F,72819
9037,Client name 181,10-Sep-94,303 abc road,4037689556,Client name 10@gmail.com,Suncor,1071 bay,No,M,118858
9066,Client name 243,18-Sep-94,365 abc road,4033370375,Client name 10@gmail.com,diversified,1133 bay,Yes,F,126296
9086,Client name 469,17-Jan-75,591 abc road,4035042554,Client name 10@gmail.com,Jacobs,1359 bay,No,F,81002
9121,Client name 486,27-Sep-92,608 abc road,4036657164,Client name 10@gmail.com,CNRL,1376 bay,No,M,88610
9155,Client name 420,09-Nov-97,542 abc road,4039872145,Client name 10@gmail.com,BMO,1310 bay,Yes,F,82717
9156,Client name 96,23-Sep-76,218 abc road,4032958662,Client name 10@gmail.com,CNRL,986 bay,No,M,81314
9204,Client name 126,29-Aug-96,248 abc road,4039735633,Client name 10@gmail.com,CNRL,1016 bay,No,F,147925
9224,Client name 90,29-Aug-74,212 abc road,4035399795,Client name 10@gmail.com,BMO,980 bay,Yes,F,135524
9239,Client name 412,17-Jun-84,534 abc road,4038335366,Client name 10@gmail.com,syncrude,1302 bay,No,M,145480
9247,Client name 34,06-Mar-77,156 abc road,4034743203,Client name 10@gmail.com,TD,924 bay,No,M,107514
9249,Client name 269,21-Jan-73,391 abc road,4034359448,Client name 10@gmail.com,Jacobs,1159 bay,No,M,84220
9274,Client name 394,21-May-88,516 abc road,4035614610,Client name 10@gmail.com,TD,1284 bay,No,M,78843
9276,Client name 28,23-Apr-87,150 abc road,4038955549,Client name 10@gmail.com,CNRL,918 bay,No,F,111128
9296,Client name 45,04-Feb-73,167 abc road,4039484196,Client name 10@gmail.com,Scotiabank,935 bay,No,F,138645
9311,Client name 279,19-Jan-85,401 abc road,4036561347,Client name 10@gmail.com,Jacobs,1169 bay,No,M,83704
9318,Client name 209,21-May-71,331 abc road,4037744385,Client name 10@gmail.com,Jacobs,1099 bay,Yes,M,124760
9321,Client name 24,13-May-99,146 abc road,4035891381,Client name 10@gmail.com,TD,914 bay,No,F,124321
9333,Client name 85,29-Sep-86,207 abc road,4033163540,Client name 10@gmail.com,Scotiabank,975 bay,Yes,F,88664
9336,Client name 49,06-Feb-80,171 abc road,4033931409,Client name 10@gmail.com,Jacobs,939 bay,Yes,M,146893
9341,Client name 148,04-Feb-88,270 abc road,4034379903,Client name 10@gmail.com,CNRL,1038 bay,Yes,F,141185
9387,Client name 5,28-Dec-85,127 abc road,4036184606,Client name 5@gmail.com,Scotiabank,895 bay,No,M,145920
9423,Client name 265,20-Jan-70,387 abc road,4035852287,Client name 10@gmail.com,Scotiabank,1155 bay,No,M,106240
9454,Client name 271,29-Jul-84,393 abc road,4034816339,Client name 10@gmail.com,Suncor,1161 bay,Yes,M,77558
9484,Client name 249,16-Apr-70,371 abc road,4037426991,Client name 10@gmail.com,Jacobs,1139 bay,Yes,F,114451
9499,Client name 108,03-Oct-75,230 abc road,4033106331,Client name 10@gmail.com,CNRL,998 bay,Yes,F,110680
9527,Client name 175,05-Jun-69,297 abc road,4039264673,Client name 10@gmail.com,Scotiabank,1065 bay,No,M,102268
9547,Client name 198,02-Dec-83,320 abc road,4035397385,Client name 10@gmail.com,CNRL,1088 bay,No,M,139284
9560,Client name 284,24-Jul-71,406 abc road,4036951089,Client name 10@gmail.com,TD,1174 bay,No,F,66074
9637,Client name 132,15-Feb-88,254 abc road,4033595125,Client name 10@gmail.com,syncrude,1022 bay,Yes,M,137697
9642,Client name 239,19-Nov-71,361 abc road,4038046069,Client name 10@gmail.com,Jacobs,1129 bay,No,M,105631
9669,Client name 109,13-Nov-91,231 abc road,4033876860,Client name 10@gmail.com,Jacobs,999 bay,No,M,67227
9719,Client name 393,23-Jul-89,515 abc road,4038337830,Client name 10@gmail.com,diversified,1283 bay,No,M,113297
9720,Client name 137,09-May-88,259 abc road,4039793091,Client name 10@gmail.com,Suncor,1027 bay,Yes,F,82863
9736,Client name 445,02-May-00,567 abc road,4038780394,Client name 10@gmail.com,Scotiabank,1335 bay,No,F,120537
9760,Client name 261,04-Jan-90,383 abc road,4033947049,Client name 10@gmail.com,Suncor,1151 bay,No,F,106215
9773,Client name 388,14-Nov-72,510 abc road,4038118038,Client name 10@gmail.com,CNRL,1278 bay,No,F,111321
9778,Client name 464,05-Feb-87,586 abc road,4036199647,Client name 10@gmail.com,TD,1354 bay,No,M,108978
9840,Client name 423,14-Dec-70,545 abc road,4032469232,Client name 10@gmail.com,diversified,1313 bay,No,M,99585
9857,Client name 255,07-May-70,377 abc road,4039591484,Client name 10@gmail.com,Scotiabank,1145 bay,Yes,F,127876
9883,Client name 457,25-Sep-77,579 abc road,4033353570,Client name 10@gmail.com,Suncor,1347 bay,No,F,121548
9890,Client name 495,08-Jun-81,617 abc road,4039709492,Client name 10@gmail.com,Scotiabank,1385 bay,Yes,F,84430
9891,Client name 435,20-Apr-87,557 abc road,4036644987,Client name 10@gmail.com,Scotiabank,1325 bay,No,F,116484
9895,Client name 241,09-May-88,363 abc road,4036780252,Client name 10@gmail.com,Suncor,1131 bay,Yes,F,106827
9934,Client name 194,28-Mar-74,316 abc road,4034340159,Client name 10@gmail.com,TD,1084 bay,Yes,M,123443
9935,Client name 266,05-Apr-01,388 abc road,4038214004,Client name 10@gmail.com,CNRL,1156 bay,Yes,F,103947
9971,Client name 219,04-Oct-76,341 abc road,4034817873,Client name 10@gmail.com,Jacobs,1109 bay,Yes,F,113536
,,,,,,,,,,
